,val_loss,val_acc,val_f1,val_precision,val_recall,val_prauc,val_rocauc,train_loss,train_acc,train_f1,train_precision,train_recall,train_prauc,train_rocauc
0,0.3109286427497864,0.9888916015625,0.8083333373069763,1.0,0.6783216595649719,0.6894301176071167,0.8391608595848083,0.41852641105651855,0.9521135091781616,0.40688106417655945,0.3560209572315216,0.4746945798397064,0.18717753887176514,0.7219597697257996
1,0.1521672010421753,0.9961361885070801,0.9407407641410828,1.0,0.8881118893623352,0.8919757008552551,0.9440559148788452,0.16602787375450134,0.9838768243789673,0.7915691137313843,0.7161017060279846,0.8848167657852173,0.637604296207428,0.9361220002174377
2,0.1533767282962799,0.9961361885070801,0.9407407641410828,1.0,0.8881118893623352,0.8919757008552551,0.9440559148788452,0.14170992374420166,0.9888284802436829,0.8477365970611572,0.8021807074546814,0.8987783789634705,0.7244850397109985,0.9454172253608704
3,0.15014049410820007,0.9961361885070801,0.9407407641410828,1.0,0.8881118893623352,0.8919757008552551,0.9440559148788452,0.12580861151218414,0.9905797243118286,0.8689075708389282,0.8379254341125488,0.9022687673568726,0.7594155669212341,0.9480068683624268
4,0.15305109322071075,0.99541175365448,0.9293680191040039,0.9920634627342224,0.8741258978843689,0.8715351223945618,0.9369378685951233,0.12538562715053558,0.9904589653015137,0.8674496412277222,0.835218071937561,0.9022687673568726,0.7569728493690491,0.9479442834854126
5,0.1543571949005127,0.9951702356338501,0.9259259104728699,0.9842519760131836,0.8741258978843689,0.8647068738937378,0.9368128180503845,0.12346950173377991,0.9898550510406494,0.860232949256897,0.8219395875930786,0.9022687673568726,0.7449920773506165,0.9476315379142761
6,0.15085449814796448,0.9961361885070801,0.9407407641410828,1.0,0.8881118893623352,0.8919757008552551,0.9440559148788452,0.10335776954889297,0.9935386180877686,0.9073593020439148,0.900343656539917,0.9144851565361023,0.826309859752655,0.9554286003112793
