,val_loss,val_acc,val_f1,val_precision,val_recall,val_prauc,val_rocauc,train_loss,train_acc,train_f1,train_precision,train_recall,train_prauc,train_rocauc
0,0.1634502112865448,0.9951702356338501,0.9253731369972229,0.9919999837875366,0.867132842540741,0.8647840619087219,0.9334414005279541,0.4887542128562927,0.9710748791694641,0.42358604073524475,0.682170569896698,0.3071553111076355,0.2335057407617569,0.6510130763053894
1,0.17569854855537415,0.9946872591972351,0.9179104566574097,0.984000027179718,0.8601398468017578,0.8512073755264282,0.9298198223114014,0.14871129393577576,0.9900362491607666,0.8616932034492493,0.8290322422981262,0.897033154964447,0.74723219871521,0.9452013969421387
2,0.15966059267520905,0.9956532120704651,0.9328358173370361,1.0,0.8741258978843689,0.878472626209259,0.9370629191398621,0.1322602778673172,0.9925121068954468,0.8927335739135742,0.885077178478241,0.9005235433578491,0.8004748821258545,0.9481663107872009
3,0.1627352237701416,0.9951702356338501,0.9259259104728699,0.9842519760131836,0.8741258978843689,0.8647068738937378,0.9368128180503845,0.12108484655618668,0.9931159615516663,0.900696873664856,0.8991304636001587,0.9022687673568726,0.8146389722824097,0.9493204355239868
4,0.15996131300926208,0.9951702356338501,0.9259259104728699,0.9842519760131836,0.8741258978843689,0.8647068738937378,0.9368128180503845,0.11401062458753586,0.9939009547233582,0.9110132455825806,0.9199288487434387,0.9022687673568726,0.8334046602249146,0.9497269988059998
5,0.15794888138771057,0.994928777217865,0.9230769276618958,0.9692307710647583,0.881118893623352,0.8581128120422363,0.9400591850280762,0.10723721981048584,0.9939613342285156,0.9124343395233154,0.9156414866447449,0.9092495441436768,0.8356866836547852,0.9531235694885254
6,0.16661807894706726,0.994928777217865,0.9225092530250549,0.9765625,0.8741258978843689,0.8579853177070618,0.9366877675056458,0.11241958290338516,0.9935990571975708,0.9075043797492981,0.9075043797492981,0.9075043797492981,0.8267646431922913,0.9520946145057678
7,0.18328934907913208,0.99444580078125,0.9132075309753418,0.9918032884597778,0.8461538553237915,0.8445308804512024,0.922951877117157,0.09549721330404282,0.9938405752182007,0.9108391404151917,0.9124343395233154,0.9092495441436768,0.832770586013794,0.9530609846115112
